<?xml version="1.0" encoding="UTF-8"?>
<project-private xmlns="http://www.netbeans.org/ns/project-private/1">
    <editor-bookmarks xmlns="http://www.netbeans.org/ns/editor-bookmarks/2" lastBookmarkId="0"/>
    <open-files xmlns="http://www.netbeans.org/ns/projectui-open-files/2">
        <group>
            <file>file:/C:/Users/Aluno/Desktop/Erick/Zoo/src/zoo/vaca.java</file>
            <file>file:/C:/Users/Aluno/Desktop/Erick/Zoo/src/zoo/veterinário.java</file>
            <file>file:/C:/Users/Aluno/Desktop/Erick/Zoo/src/zoo/animal.java</file>
            <file>file:/C:/Users/Aluno/Desktop/Erick/Zoo/src/zoo/gato.java</file>
            <file>file:/C:/Users/Aluno/Desktop/Erick/Zoo/src/zoo/Zoo.java</file>
            <file>file:/C:/Users/Aluno/Desktop/Erick/Zoo/src/zoo/cachorro.java</file>
        </group>
    </open-files>
</project-private>
